,Unnamed: 0,Unnamed: 0.1,Age,Sex,Job,Housing,Saving accounts,Checking account,Credit amount,Duration,Purpose,ahorro,cheking,vivienda,proposito,outlier,Clusters,pca1,pca2
0,1,1,22,female,2,own,little,moderate,5951,48,radio/TV,1,1,0,0,1,-1,0.7544265701634257,-0.37767580548605006
1,2,2,49,male,1,own,little,None,2096,12,education,1,2,0,1,1,-1,-0.22567609282498552,-0.022151401217200682
2,4,4,53,male,2,free,little,little,4870,24,car,1,0,1,3,1,-1,0.17135846846392364,0.26792265597827364
3,6,6,53,male,2,own,quite rich,None,2835,24,furniture/equipment,2,2,0,2,1,-1,0.023348905816794795,0.120794306084905
4,9,9,28,male,3,own,little,moderate,5234,30,car,1,1,0,3,1,0,0.41539790377981467,0.09692247055600749
5,10,10,25,female,2,rent,little,moderate,1295,12,car,1,1,2,3,1,0,-0.136160514038813,0.08856615772735535
6,12,12,22,female,2,own,little,moderate,1567,12,radio/TV,1,1,0,0,1,1,-0.1477489681984534,-0.33532951849789744
7,14,14,28,female,2,rent,little,little,1403,15,car,1,0,2,3,1,0,-0.09198703500456658,0.10296638656257606
8,16,16,53,male,2,own,None,None,2424,24,radio/TV,0,2,0,0,1,-1,-0.0326504116521662,-0.15228539983721262
9,17,17,25,male,2,own,None,little,8072,30,business,0,0,0,4,1,-1,0.6302094359785166,0.22927985944088156
10,19,19,31,male,2,own,quite rich,None,3430,24,radio/TV,2,2,0,0,1,1,0.136941899538284,-0.288864922966553
11,20,20,48,male,2,own,little,None,2134,9,car,1,2,0,3,1,0,-0.24065181665975216,0.247939976633509
12,22,22,48,male,1,rent,little,little,2241,10,car,1,0,2,3,1,0,-0.21656076448169,0.2466781623489016
13,23,23,44,male,2,own,moderate,moderate,1804,12,car,4,1,0,3,1,0,-0.19224571679504165,0.21449552324574378
14,24,24,26,male,2,own,None,None,2069,10,furniture/equipment,0,2,0,2,1,0,-0.13876129680574248,-0.03206969871918076
15,25,25,36,male,1,own,little,little,1374,6,furniture/equipment,1,0,0,2,1,0,-0.2997315795931467,0.03616039088241404
16,26,26,39,male,1,own,little,None,426,6,radio/TV,1,2,0,0,1,1,-0.4050840366378597,-0.2206088404023514
17,28,28,34,male,2,own,little,moderate,2415,7,radio/TV,1,1,0,0,1,1,-0.2339934090285243,-0.24334237324915414
18,30,30,36,male,2,own,rich,moderate,1913,18,business,3,1,0,4,1,0,-0.03046988956657186,0.28740780751345657
19,31,31,27,male,2,own,little,little,4020,24,furniture/equipment,1,0,0,2,1,0,0.22351975763074441,-0.040640482044725874
20,32,32,30,male,2,own,moderate,moderate,5866,18,car,4,1,0,3,1,0,0.24257100175428548,0.136098996962695
21,37,37,37,male,2,own,little,rich,2100,18,radio/TV,1,3,0,0,1,1,-0.08099021008510052,-0.2464390569287947
22,38,38,37,male,2,own,little,rich,1225,10,domestic appliances,1,3,0,5,1,-1,-0.20236770439996438,0.44029795142930145
23,39,39,24,male,2,own,little,moderate,458,9,radio/TV,1,1,0,0,1,1,-0.28113097300721257,-0.3231591133309857
24,40,40,30,male,3,own,quite rich,None,2333,30,radio/TV,2,2,0,0,1,1,0.17212401141151415,-0.31297333708770714
25,41,41,26,male,2,own,quite rich,moderate,1158,12,radio/TV,2,1,0,0,1,1,-0.19341484301157247,-0.31180541189849864
26,45,45,35,female,3,own,little,None,1393,11,car,1,2,0,3,1,0,-0.19389580665072437,0.1557425730195664
27,46,46,39,male,2,own,quite rich,None,2299,36,radio/TV,2,2,0,0,1,-1,0.22994419908869343,-0.2662013506014096
28,48,48,39,male,1,own,little,None,7228,11,car,1,2,0,3,1,0,0.17002664323174374,0.21540473638056326
29,49,49,28,female,2,own,moderate,None,2073,12,radio/TV,4,2,0,0,1,1,-0.14281182117778765,-0.2935640897735895
30,50,50,29,male,1,own,None,moderate,2333,24,furniture/equipment,0,1,0,2,1,0,0.10343911180631048,-0.037458612785556414
31,51,51,30,male,3,own,little,moderate,5965,27,car,1,1,0,3,1,0,0.4027145724880125,0.11974214293005261
32,52,52,25,male,2,own,little,None,1262,12,radio/TV,1,2,0,0,1,1,-0.1818835793742412,-0.31767631016921116
33,53,53,31,male,2,own,None,None,3378,18,car,0,2,0,3,1,0,0.07465623938628801,0.12817214902590432
34,54,54,57,male,2,free,little,moderate,2225,36,car,1,1,1,3,1,-1,0.1838834095811976,0.2559324799835197
35,55,55,26,male,1,own,None,None,783,6,car,0,2,0,3,1,0,-0.27688836813420836,0.10336225068748914
36,57,57,31,female,2,own,little,None,9566,36,radio/TV,1,2,0,0,1,-1,0.7443116799708317,-0.2759250397682493
37,60,60,27,male,2,own,little,moderate,1391,9,business,1,1,0,4,1,3,-0.17597855349341845,0.24306116725398327
38,61,61,50,male,2,own,None,moderate,1537,15,radio/TV,0,1,0,0,1,1,-0.2303570071633849,-0.15990765036010254
39,64,64,26,female,2,own,little,None,3181,24,radio/TV,1,2,0,0,1,1,0.1441540438474726,-0.3226701134952706
40,66,66,29,female,2,own,little,None,2171,12,radio/TV,1,2,0,0,1,1,-0.1410924695703225,-0.2865240871681809
41,67,67,22,male,2,own,rich,moderate,1007,12,car,3,1,0,3,1,0,-0.14092498623017494,0.06748087578245704
42,68,68,37,male,2,free,little,None,1819,36,education,1,2,1,1,1,1,0.22239537162642262,-0.14657455518697884
43,69,69,25,female,2,own,None,None,2394,36,radio/TV,0,2,0,0,1,1,0.30210422987188545,-0.35627091153753027
44,70,70,30,female,2,own,little,None,8133,36,car,1,2,0,3,1,-1,0.6985785538231442,0.1153599268602138
45,75,75,66,male,3,free,little,little,1526,12,car,1,0,1,3,1,-1,-0.3140833354200871,0.3552884520961674
46,76,76,34,male,2,own,little,little,3965,42,radio/TV,1,0,0,0,1,2,0.46520777135054087,-0.30020975447109743
47,77,77,51,male,2,own,little,moderate,4771,11,radio/TV,1,1,0,0,1,1,-0.09121378143423604,-0.12719322304766473
48,79,79,22,male,2,own,little,moderate,3832,30,furniture/equipment,1,1,0,2,1,0,0.33716629690322325,-0.08537918015464477
49,80,80,44,female,2,own,None,None,5943,24,radio/TV,0,2,0,0,1,-1,0.24056828374376055,-0.19017399666708948
50,81,81,47,male,2,own,quite rich,None,1213,15,radio/TV,2,2,0,0,1,1,-0.23748297514094813,-0.18120128753296655
51,85,85,29,female,3,own,little,None,1412,12,business,1,2,0,4,1,3,-0.13280285790974242,0.25048505758122935
52,86,86,27,female,2,own,little,moderate,1295,18,furniture/equipment,1,1,0,2,1,0,-0.057665325511444356,-0.04512526133298281
53,89,89,28,male,2,own,little,little,1108,12,repairs,1,0,0,6,1,-1,-0.11899630593953049,0.5129537837964159
54,90,90,56,male,2,own,little,None,618,12,radio/TV,1,2,0,0,1,-1,-0.3701122207870798,-0.12074633910625245
55,91,91,54,male,2,own,little,little,1409,12,car,1,0,0,3,1,0,-0.2652482203322465,0.27693753712058655
56,94,94,54,male,2,own,rich,moderate,1318,12,car,3,1,0,3,1,0,-0.2712175569029221,0.2764108614054511
57,97,97,34,male,2,own,moderate,moderate,2622,18,business,4,1,0,4,1,0,0.025456787399392465,0.2785656212278869
58,98,98,36,male,2,own,little,moderate,2337,36,radio/TV,1,1,0,0,1,1,0.24656438318348803,-0.28539986020417446
59,101,101,24,male,2,rent,little,moderate,2323,36,radio/TV,1,1,2,0,1,1,0.3021560001040713,-0.36315464772196465
60,102,102,24,female,2,own,little,None,932,6,radio/TV,1,2,0,0,1,1,-0.3012544309294528,-0.3147724925262553
61,103,103,35,male,2,rent,little,moderate,1919,9,furniture/equipment,1,1,2,2,1,0,-0.20805550680095794,0.027198567184431442
62,104,104,26,male,2,rent,None,None,2445,12,car,0,2,2,3,1,0,-0.06543300779013106,0.101694763105538
63,106,106,39,male,3,own,little,None,6458,18,car,1,2,0,3,1,0,0.23902200572151677,0.19778060329720504
64,107,107,32,male,2,own,little,moderate,6078,12,car,1,1,0,3,1,0,0.1446262871041896,0.16155815843675125
65,108,108,30,female,2,own,None,little,7721,24,furniture/equipment,0,0,0,2,1,-1,0.45216714977502737,0.00019803304036050445
66,109,109,35,male,2,own,quite rich,moderate,1410,14,business,2,1,0,4,1,-1,-0.12704471646732363,0.2855481778865669
67,110,110,31,male,2,own,moderate,moderate,1449,6,business,4,1,0,4,1,-1,-0.24222706596498356,0.27493138114156374
68,112,112,28,male,1,rent,little,moderate,6260,18,car,1,1,2,3,1,0,0.27783459059098814,0.1254337024324259
69,113,113,25,female,2,own,little,None,7855,36,car,1,2,0,3,1,-1,0.7038883820823373,0.08138689462007945
70,114,114,35,male,2,own,quite rich,little,1680,12,radio/TV,2,0,0,0,1,1,-0.20155563640639929,-0.25052894072947746
71,118,118,23,female,2,own,quite rich,little,4281,33,furniture/equipment,2,0,0,2,1,0,0.4131267182000426,-0.08195099104642037
72,120,120,25,female,2,own,little,little,1835,21,radio/TV,1,0,0,0,1,1,0.00935301921113678,-0.33128982036697247
73,121,121,41,female,3,rent,little,None,3868,24,car,1,2,2,3,1,0,0.16214014547431482,0.18444967498187068
74,122,122,24,male,1,rent,little,None,1768,12,furniture/equipment,1,2,2,2,1,0,-0.11494337221449934,-0.05051959132479742
75,125,125,30,male,2,own,little,little,2121,12,car,1,0,0,3,1,0,-0.10552312866360804,0.12571081954874463
76,126,126,40,male,1,own,little,little,701,12,radio/TV,1,0,0,0,1,1,-0.28932102586712244,-0.2238309785324769
77,127,127,30,male,2,own,little,moderate,639,12,repairs,1,1,0,6,1,-1,-0.1591796776641526,0.52318500493509
78,128,128,34,male,3,own,little,moderate,1860,12,car,1,1,0,3,1,0,-0.14148063191123267,0.1500914976408911
79,129,129,29,female,2,own,little,little,3499,12,car,1,0,0,3,1,0,-0.010421153036818473,0.12721338128992776
80,131,131,29,male,2,own,little,little,6887,36,education,1,0,0,1,1,-1,0.5925148182347628,-0.169025276195387
81,132,132,27,male,1,own,little,None,2708,15,furniture/equipment,1,2,0,2,1,0,-0.016193101676933157,-0.03130404166548164
82,133,133,47,male,2,free,little,None,1984,18,furniture/equipment,1,2,1,2,1,0,-0.10665221403608258,0.08831869369895827
83,135,135,38,female,2,own,None,None,1240,12,radio/TV,0,2,0,0,1,1,-0.24454585678044205,-0.2336570645056622
84,138,138,35,male,2,own,None,moderate,2728,15,radio/TV,0,1,0,0,1,1,-0.08159338441198036,-0.2501067655074377
85,141,141,30,female,3,own,little,moderate,4795,36,radio/TV,1,1,0,0,1,2,0.43605705589339877,-0.3100107084926437
86,142,142,27,male,3,own,little,little,3416,27,radio/TV,1,0,0,0,1,1,0.20607668463742854,-0.32048048046439753
87,143,143,22,male,2,own,little,little,2462,18,furniture/equipment,1,0,0,2,1,0,0.04243231972166345,-0.07073514622838473
88,144,144,23,female,2,own,little,None,2288,21,furniture/equipment,1,2,0,2,1,0,0.0775257444961652,-0.07091266009301037
89,146,146,39,female,2,own,little,little,860,6,car,1,0,0,3,1,0,-0.3330565321283555,0.18795447322794356
90,147,147,51,female,2,own,moderate,None,682,12,car,4,2,0,3,1,0,-0.29880982169423015,0.25331147892355155
91,148,148,28,male,2,own,little,little,5371,36,furniture/equipment,1,0,0,2,1,-1,0.5122982251146152,-0.04892166785646563
92,149,149,46,male,2,own,rich,None,1582,18,radio/TV,3,2,0,0,1,1,-0.15735199285907706,-0.1911817367898922
93,151,151,38,male,2,own,little,None,1924,10,radio/TV,1,2,0,0,1,1,-0.23382176069187746,-0.2259361305277487
94,152,152,24,male,2,own,little,rich,5848,36,radio/TV,1,3,0,0,1,2,0.5333857958362854,-0.34275319831699463
95,155,155,20,female,2,rent,little,little,1282,12,furniture/equipment,1,0,2,2,1,0,-0.1279869065305524,-0.07922364039723115
96,157,157,45,male,1,own,little,little,339,12,education,1,0,0,1,1,-1,-0.32209354781498023,-0.05821154736586602
97,158,158,38,male,2,own,moderate,moderate,3512,24,car,4,1,0,3,1,0,0.15291507013123926,0.16297083316192618
98,160,160,36,male,2,own,moderate,None,2872,24,radio/TV,4,2,0,0,1,1,0.07679289135508208,-0.2597303621313987
99,161,161,30,female,2,own,little,None,1055,18,car,1,2,0,3,1,0,-0.07301667122945413,0.1082546358031742
100,162,162,36,male,2,own,quite rich,None,1262,15,domestic appliances,2,2,0,5,1,-1,-0.10987063718602263,0.4246338193123484
101,164,164,36,male,2,own,quite rich,None,909,36,car,2,2,0,3,1,0,0.1964500778622454,0.11238685802411924
102,165,165,32,male,2,own,quite rich,None,2978,6,furniture/equipment,2,2,0,2,1,0,-0.1756771640991778,0.019552520322430596
103,166,166,33,female,2,own,little,little,1131,18,furniture/equipment,1,0,0,2,1,0,-0.09667823895619237,-0.007237554906924547
104,167,167,20,female,2,own,rich,moderate,1577,11,furniture/equipment,3,1,0,2,1,0,-0.12570792242936624,-0.07563519273367399
105,168,168,25,female,2,rent,little,None,3972,24,furniture/equipment,1,2,2,2,1,0,0.2297894259813085,-0.053863915762795464
106,169,169,31,male,2,own,little,moderate,1935,24,business,1,1,0,4,1,0,0.09695204179208125,0.2438845149000039
107,170,170,33,male,2,rent,little,little,950,15,car,1,0,2,3,1,0,-0.1452483471446813,0.13270865014596347
108,171,171,26,female,2,own,little,None,763,12,furniture/equipment,1,2,0,2,1,0,-0.1902867923114524,-0.0433905480247231
109,172,172,34,female,3,own,little,moderate,2064,24,furniture/equipment,1,1,0,2,1,0,0.062247667017891514,-0.006651422481455711
110,173,173,33,male,2,own,little,moderate,1414,8,radio/TV,1,1,0,0,1,1,-0.27787478468190924,-0.25748971181265096
111,174,174,26,male,2,own,little,little,3414,21,education,1,0,0,1,1,-1,0.12274113720029918,-0.1803278233207776
112,176,176,42,male,2,own,little,little,2577,12,furniture/equipment,1,0,0,2,1,0,-0.14664027871963392,0.0706732543862471
113,179,179,65,male,2,own,little,little,571,21,car,1,0,0,3,1,-1,-0.218369948838505,0.32635860662658384
114,182,182,40,male,1,own,None,little,1647,21,car,0,0,0,3,1,0,-0.03005834618774794,0.17076577854155925
115,183,183,50,male,2,own,rich,None,3777,24,furniture/equipment,3,2,0,2,1,-1,0.09926887298731182,0.10682782776216641
116,184,184,36,male,2,own,little,moderate,884,18,car,1,1,0,3,1,0,-0.11248876441040795,0.14610182871268354
117,185,185,31,male,2,own,little,None,1360,15,radio/TV,1,2,0,0,1,1,-0.15249356548996612,-0.2839155176650299
118,189,189,33,female,2,own,little,moderate,3244,18,furniture/equipment,1,1,0,2,1,0,0.041928444272791535,0.004991739445614953
119,192,192,36,male,2,own,little,moderate,3915,27,business,1,1,0,4,1,-1,0.2545049723099646,0.28206484233688733
120,193,193,29,male,2,rent,little,None,2108,6,radio/TV,1,2,2,0,1,1,-0.2476580587439571,-0.2756021548774221
121,195,195,34,female,3,own,little,moderate,1501,9,education,1,1,0,1,1,-1,-0.24528538568512728,-0.1170439737598712
122,196,196,28,female,2,own,little,None,1382,6,radio/TV,1,2,0,0,1,1,-0.29057239239960114,-0.28627679868178707
123,198,198,36,male,2,free,None,moderate,2760,24,car,0,1,1,3,1,0,0.11300437644053271,0.14567289720808382
124,199,199,40,male,3,own,little,moderate,4297,18,furniture/equipment,1,1,0,2,1,0,0.0780380431232669,0.05639582347968084
125,201,201,27,male,1,own,little,little,1168,12,car,1,0,0,3,1,0,-0.15390967579452242,0.10077675353170301
126,202,202,26,male,2,own,little,None,5117,27,business,1,2,0,4,1,-1,0.38044433972118274,0.22429345815560792
127,204,204,38,male,1,own,little,None,1495,12,car,1,2,0,3,1,0,-0.1842602340967723,0.17387026063002572
128,206,206,43,male,2,own,little,None,1935,12,furniture/equipment,1,2,0,2,1,0,-0.19346278493964064,0.07343039952791738
129,207,207,26,male,2,own,little,moderate,1424,12,domestic appliances,1,1,0,5,1,-1,-0.10336874492784535,0.3664865610707996
130,208,208,21,male,1,own,little,little,6568,24,business,1,0,0,4,1,-1,0.4479550770493212,0.20597054147289542
131,209,209,55,male,2,own,rich,None,1413,12,car,3,2,0,3,1,0,-0.2696949966109736,0.283433501075196
132,210,210,33,male,2,own,None,None,3074,9,radio/TV,0,2,0,0,1,1,-0.15191142817132847,-0.24976331306862906
133,212,212,50,male,2,own,little,little,5293,27,business,1,0,0,4,1,-1,0.2789694774455106,0.38065960468393595
134,216,216,31,male,2,own,little,little,3104,18,business,1,0,0,4,1,0,0.07120208619067019,0.26193682610336505
135,217,217,23,male,2,own,little,rich,3913,36,radio/TV,1,3,0,0,1,2,0.4111645620273797,-0.3604251051938727
136,218,218,24,male,1,rent,little,little,3021,24,furniture/equipment,1,0,2,2,1,0,0.1721157436619061,-0.06584077974194583
137,219,219,64,female,2,own,little,None,1364,10,car,1,2,0,3,1,-1,-0.3494360609084213,0.3451674114694394
138,220,220,26,male,1,own,little,moderate,625,12,radio/TV,1,1,0,0,1,1,-0.22837810006838666,-0.31489022680143447
139,222,222,30,male,2,own,little,None,707,12,radio/TV,1,2,0,0,1,1,-0.24183579624192633,-0.288524386398393
140,223,223,32,male,2,own,None,None,2978,24,business,0,2,0,4,1,0,0.16066065778733143,0.256393842239511
141,224,224,30,male,2,own,little,None,4657,15,car,1,2,0,3,1,0,0.1120476158271327,0.1347450108600312
142,228,228,22,male,2,own,little,None,1478,9,radio/TV,1,2,0,0,1,1,-0.20480359633267567,-0.330201341952741
143,229,229,22,male,2,free,little,little,3149,24,furniture/equipment,1,0,1,2,1,0,0.1899305025227878,-0.07804558790107223
144,230,230,26,male,2,own,little,rich,4210,36,radio/TV,1,3,0,0,1,2,0.4165194081652921,-0.33928773444198296
145,232,232,35,male,2,own,moderate,None,2141,12,radio/TV,4,2,0,0,1,1,-0.17131537092198773,-0.24786083628247277
146,233,233,25,male,1,own,little,moderate,866,18,radio/TV,1,1,0,0,1,1,-0.10542706147467361,-0.33125477161653194
147,234,234,42,male,1,own,little,None,1544,4,radio/TV,1,2,0,0,1,1,-0.3800182910027832,-0.19095762827723434
148,235,235,30,male,3,own,little,little,1823,24,radio/TV,1,0,0,0,1,1,0.03623651622587955,-0.3046384822108551
149,238,238,35,female,2,own,little,None,1291,12,radio/TV,1,2,0,0,1,1,-0.22707291031840818,-0.25278033472055067
150,239,239,39,male,2,own,little,little,2522,30,radio/TV,1,0,0,0,1,1,0.142139381994325,-0.25362415177736813
151,240,240,29,female,2,own,None,little,915,24,car,0,0,0,3,1,0,0.02494187029362799,0.08968499815877364
152,241,241,51,male,2,own,little,None,1595,6,radio/TV,1,2,0,0,1,-1,-0.3849109970844834,-0.13616932265399662
153,243,243,27,female,2,own,little,None,1185,12,business,1,2,0,4,1,3,-0.13827507138501274,0.23622563536855284
154,245,245,25,male,2,own,little,None,1258,24,business,1,2,0,4,1,0,0.08079778978695915,0.20112939884285932
155,246,246,52,male,2,own,little,None,717,12,radio/TV,1,2,0,0,1,1,-0.34478144857736115,-0.1460646157242443
156,248,248,26,male,2,own,little,rich,1925,24,furniture/equipment,1,3,0,2,1,0,0.09080298699427744,-0.0592384121570069
157,251,251,46,female,1,own,little,rich,2251,12,furniture/equipment,1,3,0,2,1,0,-0.18686159380345546,0.0946777355390112
158,252,252,24,female,2,own,little,moderate,2150,30,car,1,1,0,3,1,0,0.23193309022623185,0.053182119198719194
159,253,253,35,male,2,own,moderate,None,4151,24,furniture/equipment,4,2,0,2,1,0,0.19443966081298047,0.01190020646905519
160,254,254,24,male,2,own,None,moderate,2030,9,furniture/equipment,0,1,0,2,1,0,-0.14897341643325848,-0.04335995130697584
161,256,256,35,male,1,own,little,None,2684,24,radio/TV,1,2,0,0,1,1,0.06916980028211357,-0.26729125280672156
162,257,257,29,male,2,free,little,little,2149,12,radio/TV,1,0,1,0,1,1,-0.14253560588411224,-0.28665141536304883
163,258,258,23,female,2,own,moderate,None,3812,15,car,4,2,0,3,1,0,0.08958221485248732,0.08454475703198906
164,260,260,27,male,2,own,little,little,1657,12,furniture/equipment,1,0,0,2,1,0,-0.13635214498686885,-0.03174357982318507
165,261,261,55,female,2,own,little,little,1603,24,radio/TV,1,0,0,0,1,-1,-0.09592396439742357,-0.14409142981642498
166,262,262,36,male,3,free,little,little,5302,18,car,1,0,1,3,1,0,0.17731924624063367,0.17167164530024598
167,264,264,32,male,1,own,little,None,1231,10,car,1,2,0,3,1,0,-0.20746720551501202,0.13726762669583095
168,265,265,37,male,2,own,little,moderate,802,15,radio/TV,1,1,0,0,1,1,-0.21735173837258423,-0.24830814345615132
169,266,266,36,male,2,own,None,None,6304,36,business,0,2,0,4,1,-1,0.5648659138881655,0.2789616958609489
170,267,267,38,female,2,own,little,None,1533,24,radio/TV,1,2,0,0,1,1,-0.02045996186940562,-0.25453439233522807
171,269,269,25,male,2,own,None,None,999,24,radio/TV,0,2,0,0,1,1,0.005730325061019096,-0.341771568741802
172,270,270,32,male,2,own,None,None,2662,18,car,0,2,0,3,1,0,0.022979547383534086,0.13050100842120074
173,273,273,28,male,2,own,little,moderate,3060,48,radio/TV,1,1,0,0,1,2,0.536530350913926,-0.35557100757838994
174,275,275,32,male,2,own,little,None,2697,9,radio/TV,1,2,0,0,1,1,-0.17193237212185394,-0.25841806869077144
175,276,276,26,female,2,own,little,None,2404,18,radio/TV,1,2,0,0,1,1,-0.009247878419155019,-0.3158805598924972
176,278,278,32,female,2,own,little,None,4611,6,furniture/equipment,1,2,0,2,1,0,-0.06855709135287838,0.029003744968761427
177,280,280,23,male,2,rent,rich,None,3368,15,car,3,2,2,3,1,0,0.06045710015600418,0.08197504255374602
178,281,281,50,male,2,own,little,None,1574,12,furniture/equipment,1,2,0,2,1,0,-0.25010749280274,0.11665075321911014
179,283,283,63,male,2,own,None,None,1520,15,furniture/equipment,0,2,0,2,1,-1,-0.263652391800562,0.19484151726572912
180,284,284,37,male,2,own,moderate,moderate,3878,24,car,4,1,0,3,1,0,0.18163277532370242,0.15861629793918597
181,286,286,26,male,2,own,little,little,4788,48,car,1,0,0,3,1,-1,0.7028588389151662,0.04753589222077717
182,288,288,49,female,2,own,little,moderate,1092,12,radio/TV,1,1,0,0,1,1,-0.30605504003951517,-0.16331268888744183
183,289,289,48,male,2,own,little,little,1024,24,radio/TV,1,0,0,0,1,1,-0.10094053539624803,-0.19275217001560982
184,290,290,26,male,2,own,little,None,1076,12,business,1,2,0,4,1,3,-0.1407159911493728,0.22912196866571027
185,292,292,44,female,3,free,little,little,6419,24,car,1,0,1,3,1,0,0.3153508666704996,0.21863239806249873
186,297,297,45,male,1,own,None,None,1287,10,car,0,2,0,3,1,0,-0.2650129087177767,0.2217383086866387
187,298,298,43,male,2,own,little,None,2515,18,furniture/equipment,1,2,0,2,1,0,-0.05298349239194792,0.0655006798165542
188,299,299,32,male,2,own,rich,moderate,2745,21,furniture/equipment,3,1,0,2,1,0,0.06512113926514149,-0.010012385863371531
189,301,301,42,female,2,own,little,moderate,3804,36,radio/TV,1,1,0,0,1,-1,0.3145403482746949,-0.23807250442222802
190,303,303,49,male,2,own,little,little,1038,10,car,1,0,0,3,1,0,-0.30018324670333424,0.24618843852144048
191,305,305,33,male,2,own,rich,None,1543,6,furniture/equipment,3,2,0,2,1,0,-0.2745181747207862,0.017720062803635257
192,308,308,24,female,2,own,little,moderate,1237,8,furniture/equipment,1,1,0,2,1,0,-0.2180640827594905,-0.046068461644158364
193,309,309,22,male,1,rent,little,moderate,276,9,car,1,1,2,3,1,0,-0.24009295588498758,0.0688933840955594
194,311,311,25,male,2,own,moderate,None,5511,24,furniture/equipment,4,2,0,2,1,0,0.3307433708414156,-0.044956729767263864
195,312,312,26,female,2,own,little,rich,3749,24,furniture/equipment,1,3,0,2,1,0,0.21045210682847834,-0.04868174727341388
196,313,313,25,male,1,own,little,moderate,685,12,car,1,1,0,3,1,0,-0.17617474819389117,0.08503569414238175
197,315,315,31,male,2,own,little,little,2746,36,furniture/equipment,1,0,0,2,1,0,0.32597832993918574,-0.04469579644112131
198,316,316,38,male,1,own,little,little,708,12,furniture/equipment,1,0,0,2,1,0,-0.2504046094889216,0.03396489197279954
199,317,317,48,female,1,own,None,moderate,4351,24,furniture/equipment,0,1,0,2,1,-1,0.1463399407550212,0.09720430937172556
200,318,318,32,male,2,own,little,None,701,12,education,1,2,0,1,1,-1,-0.23712825465021126,-0.1402629936541837
201,319,319,27,female,1,own,little,little,3643,15,furniture/equipment,1,0,0,2,1,0,0.04514019165912931,-0.025892593383595966
202,320,320,28,male,3,own,little,moderate,4249,30,car,1,1,0,3,1,0,0.3507847551851392,0.09122164001305845
203,321,321,32,male,2,own,little,little,1938,24,radio/TV,1,0,0,0,1,1,0.034361853921856915,-0.2910272762629606
204,322,322,34,male,3,free,little,little,2910,24,car,1,0,1,3,1,0,0.13226227161520412,0.13359541724382526
205,323,323,28,male,2,own,rich,little,2659,18,furniture/equipment,3,0,0,2,1,0,0.027099961244101075,-0.030758099877448743
206,324,324,36,female,2,own,little,None,1028,18,car,1,2,0,3,1,0,-0.10304278126560258,0.14693524962454613
207,325,325,39,male,1,own,little,little,3398,8,car,1,0,0,3,1,0,-0.13242675535190065,0.19888133215295575
208,327,327,34,female,2,own,rich,None,1525,24,car,3,2,0,3,1,0,0.041410280951624974,0.125579528612369
209,328,328,31,male,2,own,little,rich,4473,36,radio/TV,1,3,0,0,1,2,0.4102256233285151,-0.30540151688016764
210,329,329,28,male,2,own,little,moderate,1068,6,radio/TV,1,1,0,0,1,1,-0.31116988342369056,-0.28809411928126527
211,331,331,30,female,2,own,moderate,None,1864,18,education,4,2,0,1,1,-1,-0.048987520388258786,-0.15776414294899632
212,334,334,23,male,2,rent,little,little,4110,24,furniture/equipment,1,0,2,2,1,0,0.2482601558939127,-0.0660108474697092
213,336,336,23,female,1,own,little,moderate,2101,13,radio/TV,1,1,0,0,1,1,-0.10035711681125281,-0.327647194899299
214,338,338,28,male,2,own,little,little,4169,24,furniture/equipment,1,0,0,2,1,0,0.2285845616019948,-0.03330530953303256
215,339,339,31,male,1,own,little,moderate,1521,10,furniture/equipment,1,1,0,2,1,0,-0.19825433393722178,-0.002877261431813844
216,340,340,24,female,2,free,little,moderate,5743,24,education,1,1,1,1,1,-1,0.3361516103192147,-0.18543730131774225
217,341,341,26,female,1,rent,little,little,3599,21,furniture/equipment,1,0,2,2,1,0,0.14939605527874836,-0.04390661708675475
218,342,342,25,male,2,rent,quite rich,moderate,3213,18,radio/TV,2,1,2,0,1,1,0.04852934436461898,-0.3176711682822157
219,343,343,33,male,3,own,little,moderate,4439,18,business,1,1,0,4,1,0,0.1493558921968039,0.28260895922120677
220,344,344,37,male,1,own,little,rich,3949,10,car,1,3,0,3,1,0,-0.05272009715389244,0.18536251327585956
221,345,345,43,female,1,own,little,None,1459,15,radio/TV,1,2,0,0,1,1,-0.2025094284709074,-0.20566878030343202
222,346,346,23,male,2,own,little,moderate,882,13,radio/TV,1,1,0,0,1,1,-0.18031998801623686,-0.3347023344240248
223,350,350,23,female,2,rent,little,None,1236,9,domestic appliances,1,2,2,5,1,-1,-0.15278999237587246,0.35162332061787754
224,351,351,29,female,2,own,little,moderate,959,9,furniture/equipment,1,1,0,2,1,0,-0.24277373956982942,-0.017194452470332126
225,352,352,38,male,3,own,None,None,3229,18,car,0,2,0,3,1,0,0.031918117819707645,0.1726194835040059
226,355,355,23,male,1,own,little,moderate,1246,24,car,1,1,0,3,1,0,0.0749095003021433,0.05276382848466719
227,356,356,49,male,2,own,None,None,2331,12,radio/TV,0,2,0,0,1,1,-0.22478022673108589,-0.15614179645829065
228,357,357,26,male,3,own,little,None,4463,36,radio/TV,1,2,0,0,1,2,0.4331154757738737,-0.33782346020100223
229,358,358,28,male,2,own,little,None,776,12,radio/TV,1,2,0,0,1,1,-0.22789126658620798,-0.3010706656255743
230,359,359,23,female,2,rent,little,little,2406,30,furniture/equipment,1,0,2,2,1,0,0.23891566022816527,-0.08715954886644874
231,362,362,36,female,2,own,little,rich,2247,12,car,1,3,0,3,1,0,-0.12551288160840082,0.16527694308897065
232,363,363,21,male,2,rent,little,None,1766,6,furniture/equipment,1,2,2,2,1,0,-0.20338004387437744,-0.05866305279671438
233,364,364,25,male,0,own,little,little,2473,18,furniture/equipment,1,0,0,2,1,0,0.02902639378030959,-0.051253042009777705
234,365,365,36,male,2,own,little,None,1542,12,business,1,2,0,4,1,-1,-0.15723938713326244,0.2965471450760648
235,366,366,27,male,2,own,little,None,3850,18,car,1,2,0,3,1,0,0.12445473182525937,0.1050126640754454
236,367,367,22,female,2,rent,little,little,3650,18,furniture/equipment,1,0,2,2,1,0,0.12036168066630748,-0.06385942370551823
237,368,368,42,male,2,own,little,little,3446,36,furniture/equipment,1,0,0,2,1,-1,0.3200954918661885,0.030556502324734423
238,369,369,40,female,2,rent,little,moderate,3001,18,furniture/equipment,1,1,2,2,1,0,-0.006975805179981193,0.04889503527291737
239,370,370,36,male,2,own,None,None,3079,36,car,0,2,0,3,1,0,0.33879579608604804,0.12494604815427103
240,371,371,33,male,2,own,little,None,6070,18,radio/TV,1,2,0,0,1,1,0.19826695624643392,-0.24935335889525775
241,372,372,23,female,2,rent,little,None,2146,10,furniture/equipment,1,2,2,2,1,0,-0.11958282560922981,-0.05104249015831621
242,376,376,34,male,2,own,little,None,2320,18,radio/TV,1,2,0,0,1,1,-0.05243135284895473,-0.2645842151012889
243,380,380,39,male,2,own,None,little,2212,20,furniture/equipment,0,0,0,2,1,0,-0.01987843261221679,0.03409358517304626
244,382,382,25,female,2,rent,None,None,1283,22,car,0,2,2,3,1,0,0.0337739399454237,0.06968578275186905
245,383,383,26,male,2,own,little,rich,1330,12,car,1,3,0,3,1,0,-0.13857378005720017,0.09524153868382411
246,385,385,25,female,2,own,little,None,2238,18,radio/TV,1,2,0,0,1,1,-0.015427833178333803,-0.3233141223729521
247,387,387,40,male,3,own,little,moderate,7374,18,furniture/equipment,1,1,0,2,1,0,0.2798803357383088,0.07420440782552279
248,388,388,27,male,2,own,quite rich,moderate,2326,15,business,2,1,0,4,1,3,-0.012212288609573739,0.2371860615961703
249,389,389,27,female,2,own,little,None,1449,9,business,1,2,0,4,1,3,-0.17217392139342744,0.2433968506768169
250,390,390,30,male,3,own,little,None,1820,18,car,1,2,0,3,1,0,-0.022834885772675746,0.11268218439744426
251,392,392,39,male,3,free,little,little,3249,36,car,1,0,1,3,1,0,0.33581980986708343,0.14534838796305966
252,393,393,31,female,2,own,little,little,1957,6,radio/TV,1,0,0,0,1,1,-0.2669815510238008,-0.2635304625583849
253,394,394,31,male,3,own,little,None,2406,9,furniture/equipment,1,2,0,2,1,0,-0.1572730577844027,0.004125896912291538
254,396,396,55,female,3,free,little,little,2578,12,furniture/equipment,1,0,1,2,1,-1,-0.20779382270687288,0.15482561588988514
255,397,397,46,male,2,own,little,little,2348,36,furniture/equipment,1,0,0,2,1,-1,0.22923321158938278,0.050092921366679546
256,398,398,46,male,2,rent,little,moderate,1223,12,car,1,1,2,3,1,0,-0.23977596429895678,0.22407852811963572
257,400,400,39,male,2,own,little,None,1473,18,radio/TV,1,2,0,0,1,1,-0.13153792442693957,-0.23712228373508107
258,401,401,28,male,2,own,None,moderate,1887,18,business,0,1,0,4,1,0,0.005497903294279341,0.23547482174790868
259,403,403,27,male,1,own,little,None,802,14,car,1,2,0,3,1,0,-0.1437738924383085,0.09489629073415262
260,404,404,43,male,2,own,None,moderate,2899,18,car,0,1,0,3,1,0,-0.013274750384219153,0.20307362744960938
261,405,405,22,male,2,own,little,moderate,2039,24,radio/TV,1,1,0,0,1,1,0.0880788085384175,-0.35517085783285623
262,406,406,43,male,2,own,None,None,2197,24,car,0,2,0,3,1,0,0.04310905333263702,0.18772414656458047
263,407,407,27,male,2,own,little,little,1053,15,radio/TV,1,0,0,0,1,1,-0.15379521798018472,-0.3115835782428568
264,408,408,26,male,3,own,quite rich,None,3235,24,radio/TV,2,2,0,0,1,1,0.1476962875267746,-0.32235758065332204
265,409,409,28,male,2,own,quite rich,rich,939,12,car,2,3,0,3,1,0,-0.17364057757838602,0.105924196149757
266,410,410,20,female,2,own,little,moderate,1967,24,radio/TV,1,1,0,0,1,1,0.09277414636484735,-0.36853319503623627
267,411,411,35,male,3,own,little,None,7253,33,car,1,2,0,3,1,-1,0.5660907920005837,0.14827414290396904
268,412,412,42,male,3,own,little,None,2292,12,business,1,2,0,4,1,0,-0.1362965464505654,0.3397247592343621
269,413,413,40,male,1,rent,quite rich,None,1597,10,car,2,2,2,3,1,0,-0.22113198261729508,0.19116841183661004
270,414,414,35,female,2,own,None,little,1381,24,car,0,0,0,3,1,0,0.027255133107403413,0.13121892107423075
271,415,415,35,male,2,own,little,None,5842,36,car,1,2,0,3,1,-1,0.5247497623764169,0.1344644985269104
272,416,416,33,male,1,own,little,little,2579,12,car,1,0,0,3,1,0,-0.08960714859296201,0.14778000118125853
273,418,418,31,female,3,own,quite rich,None,2782,21,car,2,2,0,3,1,0,0.08677685047751255,0.11907943550417918
274,419,419,33,female,2,own,None,moderate,1042,18,car,0,1,0,3,1,0,-0.0879969276949422,0.1275978365364708
275,421,421,30,male,2,own,None,moderate,2028,12,car,0,1,0,3,1,0,-0.11162365944462814,0.12517256854316672
276,422,422,47,male,1,own,little,moderate,958,12,car,1,1,0,3,1,0,-0.26186836186902174,0.22901761550972405
277,424,424,25,female,2,own,None,moderate,2762,12,furniture/equipment,0,1,0,2,1,0,-0.05444901437268983,-0.038293858601132554
278,425,425,21,male,2,rent,little,moderate,2779,18,car,1,1,2,3,1,0,0.08245522038226713,0.05997721580112106
279,426,426,29,male,2,own,little,None,2743,28,radio/TV,1,2,0,0,1,1,0.16958366538229586,-0.31331103127414534
280,427,427,46,male,2,own,rich,None,1149,18,radio/TV,3,2,0,0,1,1,-0.18575553939866532,-0.19368778717070134
281,428,428,20,male,2,own,little,None,1313,9,furniture/equipment,1,2,0,2,1,0,-0.1771698820441034,-0.07340094642552254
282,432,432,36,male,3,free,little,little,1872,6,furniture/equipment,1,0,1,2,1,0,-0.26706422121736156,0.039042638202605555
283,433,433,33,male,2,own,little,None,2058,24,repairs,1,2,0,6,1,-1,0.12464106357259912,0.5282430057458452
284,434,434,25,male,2,own,little,little,2136,9,furniture/equipment,1,0,0,2,1,0,-0.14672928798441529,-0.03627364753979703
285,435,435,25,male,2,own,None,moderate,1484,12,radio/TV,0,1,0,0,1,1,-0.16732102202599966,-0.3163914529300896
286,437,437,37,female,2,own,rich,None,1287,24,car,3,2,0,3,1,0,0.011670675822378507,0.14362050917088026
287,440,440,39,male,3,own,little,None,1884,12,car,1,2,0,3,1,0,-0.16345212488417968,0.18259446799482343
288,441,441,30,female,2,own,little,little,1620,12,furniture/equipment,1,0,0,2,1,0,-0.15290673197649116,-0.012539282575198873
289,442,442,29,male,2,own,little,moderate,2629,20,vacation/others,1,1,0,7,1,-1,0.12716447534668385,0.6485313588335122
290,443,443,41,male,1,own,little,None,719,12,education,1,2,0,1,1,-1,-0.2783299890518567,-0.0819034956766816
291,446,446,34,female,2,own,little,little,1842,36,car,1,0,0,3,1,0,0.26707050638679586,0.10484110426811362
292,447,447,35,male,2,own,little,moderate,2576,7,radio/TV,1,1,0,0,1,1,-0.2281414397952068,-0.23593774899480555
293,451,451,29,female,2,own,little,None,518,6,radio/TV,1,2,0,0,1,1,-0.35195745596784944,-0.2848045107792384
294,452,452,34,male,2,own,little,None,2759,12,furniture/equipment,1,2,0,2,1,0,-0.09702828798295278,0.019944098826722937
295,453,453,35,male,3,own,little,None,2670,24,car,1,2,0,3,1,0,0.11180980167444564,0.13867919576444532
296,454,454,31,male,2,own,little,little,4817,24,car,1,0,0,3,1,0,0.2714834452769514,0.1252140165596105
297,455,455,29,female,3,own,little,None,2679,24,car,1,2,0,3,1,0,0.14065516381749343,0.09989440432909052
298,456,456,36,male,2,rent,little,little,3905,11,car,1,0,2,3,1,0,-0.0338250431574253,0.17675395118911622
299,457,457,35,male,2,free,little,little,3386,12,car,1,0,1,3,1,0,-0.04608861411778125,0.16539625762227061
300,458,458,27,female,2,own,little,little,343,6,domestic appliances,1,0,0,5,1,-1,-0.28142135186625616,0.3779894839000318
301,459,459,32,male,2,own,little,None,4594,18,radio/TV,1,2,0,0,1,1,0.10615479371159542,-0.26436873661557386
302,460,460,37,male,2,own,little,little,3620,36,furniture/equipment,1,0,0,2,1,-1,0.3550552116632429,-0.0008005142753867766
303,461,461,36,male,2,own,little,little,1721,15,car,1,0,0,3,1,0,-0.10880047315511805,0.1565893647327343
304,462,462,34,female,3,rent,little,moderate,3017,12,furniture/equipment,1,1,2,2,1,0,-0.08010423484850993,0.021437311293810112
305,463,463,38,male,2,own,None,moderate,754,12,education,0,1,0,1,1,-1,-0.26190659627257895,-0.10111936821511033
306,464,464,34,male,2,own,little,None,1950,18,business,1,2,0,4,1,0,-0.018624467276365773,0.27467632363919475
307,465,465,63,male,2,own,little,little,2924,24,car,1,0,0,3,1,-1,-0.0033851451954553633,0.3213880321149297
308,467,467,32,male,2,own,None,None,7238,48,radio/TV,0,2,0,0,1,-1,0.7917583975259604,-0.3054989723490343
309,468,468,26,female,2,own,little,None,2764,33,business,1,2,0,4,1,0,0.32852732279863894,0.19938857501026544
310,469,469,35,male,1,own,little,None,4679,24,car,1,2,0,3,1,0,0.24359438596551458,0.15030657501397293
311,471,471,23,female,2,own,little,little,448,6,education,1,0,0,1,1,-1,-0.3137748115118289,-0.18869603431898518
312,472,472,28,male,1,own,little,little,654,9,car,1,0,0,3,1,0,-0.24355223832637107,0.10991799423154493
313,474,474,33,male,2,own,little,moderate,1245,18,radio/TV,1,1,0,0,1,1,-0.11823907620971727,-0.27727874708787636
314,475,475,26,female,2,rent,little,little,3114,18,furniture/equipment,1,0,2,2,1,0,0.06636497349631151,-0.041070348049220474
315,476,476,24,male,2,own,quite rich,None,2569,39,car,2,2,0,3,1,0,0.41306773461508184,0.038677311636882525
316,477,477,25,male,2,own,little,rich,5152,24,radio/TV,1,3,0,0,1,1,0.27815510284141204,-0.31773547813787545
317,478,478,39,male,1,own,moderate,moderate,1037,12,business,4,1,0,4,1,-1,-0.20449341934350204,0.3130428243604976
318,479,479,44,male,2,own,little,little,1478,15,furniture/equipment,1,0,0,2,1,0,-0.17693334092888824,0.07161498206567286
319,480,480,23,female,1,own,little,moderate,3573,12,radio/TV,1,1,0,0,1,1,-0.020870339922317502,-0.3172466888103092
320,481,481,26,male,2,own,little,moderate,1201,24,car,1,1,0,3,1,0,0.057830136471142886,0.07192182457088318
321,483,483,30,female,2,own,rich,None,960,15,furniture/equipment,3,2,0,2,1,0,-0.14498433561629115,-0.022002405391085146
322,484,484,44,male,2,own,quite rich,None,1163,12,car,2,2,0,3,1,0,-0.23429346121045982,0.21078564265891095
323,485,485,47,male,3,own,little,moderate,1209,6,car,1,1,0,3,1,0,-0.34783646001856694,0.24175686839996105
324,486,486,52,male,2,own,little,None,3077,12,radio/TV,1,2,0,0,1,1,-0.18997228037082917,-0.13240577300205153
325,487,487,62,female,2,free,little,None,3757,24,car,1,2,1,3,1,-1,0.05596640811245289,0.3197363272105217
326,489,489,26,male,2,rent,little,None,3518,6,car,1,2,2,3,1,0,-0.09748028548807906,0.11919146036765738
327,490,490,26,male,2,own,little,None,1934,12,radio/TV,1,2,0,0,1,1,-0.14251148939789923,-0.3073141992067946
328,493,493,38,male,2,own,None,moderate,368,6,radio/TV,0,1,0,0,1,1,-0.40417950403843456,-0.22741733719890933
329,494,494,39,male,1,rent,little,little,2122,12,car,1,0,2,3,1,0,-0.147840013853182,0.18397192755748518
330,495,495,20,male,2,own,None,little,2996,24,furniture/equipment,0,0,0,2,1,0,0.18931247483026462,-0.09187672436737497
331,497,497,40,male,2,own,little,None,1585,24,furniture/equipment,1,2,0,2,1,0,0.002571665443881843,0.02941317569990309
332,498,498,32,male,1,own,little,moderate,1301,18,radio/TV,1,1,0,0,1,1,-0.10985647362065451,-0.28342745232920974
333,500,500,27,female,2,own,little,little,3123,24,car,1,0,0,3,1,0,0.1791986079128091,0.08951849205988481
334,501,501,42,male,2,free,little,little,5493,36,car,1,0,1,3,1,-1,0.46889221977538464,0.1777543039607584
335,503,503,38,male,2,own,moderate,moderate,1216,24,radio/TV,4,1,0,0,1,1,-0.04125424420901181,-0.25636907587036994
336,504,504,24,female,2,rent,little,little,1207,24,car,1,0,2,3,1,0,0.06764204850100895,0.05901092369476201
337,505,505,27,male,1,own,None,None,1309,10,car,0,2,0,3,1,0,-0.17880480781449462,0.10535499615446803
338,506,506,36,male,2,own,quite rich,rich,2360,15,car,2,3,0,3,1,0,-0.06688392295004437,0.16028767002912458
339,508,508,28,male,2,own,little,None,1413,24,radio/TV,1,2,0,0,1,1,0.01876003250408574,-0.3199570434990238
340,510,510,26,male,2,own,little,little,759,12,car,1,0,0,3,1,0,-0.17602972711056025,0.09193679326248001
341,514,514,54,male,2,own,None,None,2255,24,car,0,2,0,3,1,-1,-0.004887126260950576,0.259260777098382
342,515,515,37,female,2,own,little,little,609,6,car,1,0,0,3,1,0,-0.3401030761277601,0.17355614752995652
343,516,516,40,male,1,own,little,little,1361,6,car,1,0,0,3,1,0,-0.3049015471364699,0.19732689685752322
344,518,518,43,male,2,own,moderate,little,1203,6,car,4,0,0,3,1,0,-0.32939338385193556,0.215830889033736
345,521,521,24,female,2,own,little,little,3190,18,radio/TV,1,0,0,0,1,1,0.051729775645073285,-0.32427709749602923
346,523,523,23,female,2,own,moderate,None,3488,24,car,4,2,0,3,1,0,0.22197821009834867,0.06573972907075022
347,524,524,26,female,1,own,little,moderate,1113,18,radio/TV,1,1,0,0,1,1,-0.09393374119654176,-0.32335240987315433
348,525,525,30,male,2,own,little,moderate,7966,26,car,1,1,0,3,1,-1,0.516902218013073,0.13320431334109314
349,526,526,31,female,2,own,moderate,None,1532,15,education,4,2,0,1,1,-1,-0.12669140977875631,-0.14756955081888365
350,527,527,42,male,1,own,little,None,1503,4,radio/TV,1,2,0,0,1,1,-0.3827077723148459,-0.1911949217313064
351,529,529,41,male,1,own,little,little,662,6,car,1,0,0,3,1,0,-0.35546308835129536,0.19975414622158116
352,530,530,32,male,2,own,little,moderate,2273,36,education,1,1,0,1,1,1,0.2757222808717095,-0.17631103112514496
353,531,531,28,female,2,rent,moderate,moderate,2631,15,car,4,1,2,3,1,0,-0.011433789853032141,0.11007361489429328
354,532,532,41,male,2,rent,little,None,1503,12,car,1,2,2,3,1,0,-0.19786295135364296,0.19333500191296896
355,533,533,26,male,2,own,moderate,None,1311,24,radio/TV,4,2,0,0,1,1,0.02148745717534776,-0.3334930100590419
356,534,534,25,male,2,own,None,None,3105,24,radio/TV,0,2,0,0,1,1,0.14387782855379722,-0.32958278790581125
357,537,537,37,female,2,own,little,moderate,3612,18,furniture/equipment,1,1,0,2,1,0,0.04723152017851798,0.03301284638193909
358,539,539,45,female,1,own,little,rich,3049,18,furniture/equipment,1,3,0,2,1,0,-0.027372967628793942,0.08153690911216006
359,540,540,23,male,2,rent,little,moderate,1534,12,radio/TV,1,1,2,0,1,1,-0.15462283736855423,-0.329047697416475
360,541,541,60,male,2,free,little,None,2032,24,car,1,2,1,3,1,-1,-0.04777026891086188,0.29680701245638547
361,542,542,31,male,2,own,None,little,6350,30,furniture/equipment,0,0,0,2,1,-1,0.45995732543222606,-0.012550569123972394
362,543,543,34,male,1,own,little,rich,2864,18,furniture/equipment,1,3,0,2,1,0,0.01229237960791676,0.009265247635257419
363,544,544,61,male,1,own,little,None,1255,12,car,1,2,0,3,1,-1,-0.3083143274246882,0.3213559333725819
364,545,545,43,male,2,free,little,little,1333,24,car,1,0,1,3,1,0,-0.013566845536195008,0.18272362109340481
365,546,546,37,female,2,own,little,None,2022,24,car,1,2,0,3,1,0,0.0598845481239891,0.14787442840851234
366,547,547,32,male,2,own,little,None,1552,24,radio/TV,1,2,0,0,1,1,0.009041371325364792,-0.2932613073183701
367,548,548,24,female,1,own,little,little,626,12,radio/TV,1,0,0,0,1,1,-0.21889417356438196,-0.327830065903662
368,550,550,23,female,2,own,None,None,996,12,repairs,0,2,0,6,1,-1,-0.10279735822174238,0.47994150066301206
369,551,551,45,male,1,own,quite rich,None,1750,6,radio/TV,2,2,0,0,1,1,-0.3464884575862858,-0.17410911788704625
370,553,553,27,male,2,own,moderate,moderate,1995,12,car,4,1,0,3,1,0,-0.09966086981706394,0.10556313612969173
371,555,555,22,male,2,own,little,moderate,1331,12,radio/TV,1,1,0,0,1,1,-0.16322988501910662,-0.33669540277011667
372,556,556,28,female,2,own,moderate,moderate,2278,18,car,4,1,0,3,1,0,0.016626917795051516,0.10238729916133632
373,557,557,29,female,2,own,None,None,5003,21,car,0,2,0,3,1,0,0.24188635046393306,0.11898816879316695
374,558,558,27,male,2,own,little,little,3552,24,furniture/equipment,1,0,0,2,1,0,0.19282031241012704,-0.04334910000827936
375,559,559,31,male,1,own,little,moderate,1928,18,furniture/equipment,1,1,0,2,1,0,-0.034979016735069195,-0.015570428413022624
376,560,560,49,male,2,free,None,little,2964,24,car,0,0,1,3,1,0,0.06516704480326245,0.2310001506916393
377,562,562,29,female,2,own,little,rich,683,6,radio/TV,1,3,0,0,1,1,-0.3411339336144267,-0.28384954931772916
378,566,566,36,male,2,own,little,little,1372,12,car,1,0,0,3,1,0,-0.18291034863412775,0.16021275352036105
379,567,567,34,male,2,own,rich,None,2578,24,radio/TV,3,2,0,0,1,1,0.06692567183327036,-0.27437755657390034
380,570,570,23,female,1,rent,little,little,3234,24,furniture/equipment,1,0,2,2,1,0,0.19079709176301357,-0.07108082468354004
381,571,571,38,male,2,own,little,None,5954,30,radio/TV,1,2,0,0,1,-1,0.3719778116449352,-0.24023376675170036
382,573,573,22,female,1,own,little,little,806,15,business,1,0,0,4,1,-1,-0.08837406497432672,0.19602477399122104
383,574,574,27,male,1,own,little,moderate,1082,9,radio/TV,1,1,0,0,1,1,-0.25432587347797153,-0.30012918259174126
384,575,575,24,female,2,own,little,None,2788,15,furniture/equipment,1,2,0,2,1,0,0.0031821608350963,-0.050259470168953296
385,576,576,27,female,2,own,little,moderate,2930,12,radio/TV,1,1,0,0,1,1,-0.08188593734574524,-0.29507689119268715
386,577,577,33,female,2,own,None,None,1927,24,education,0,2,0,1,1,-1,0.043450574687127014,-0.149267635118582
387,578,578,27,male,2,own,little,moderate,2820,36,car,1,1,0,3,1,0,0.3641886281411791,0.06519172767844322
388,579,579,27,male,1,own,little,None,937,24,education,1,2,0,1,1,-1,0.0067644287630877695,-0.19383428412998363
389,580,580,30,male,2,own,little,moderate,1056,18,car,1,1,0,3,1,0,-0.07295107412428191,0.10826042344839544
390,581,581,49,male,1,own,little,moderate,3124,12,car,1,1,0,3,1,0,-0.1292033614647406,0.2544992818064395
391,582,582,26,female,2,rent,little,None,1388,9,furniture/equipment,1,2,2,2,1,0,-0.20050508735268152,-0.0341299927915812
392,585,585,20,female,2,rent,little,little,2039,18,furniture/equipment,1,0,2,2,1,0,0.02410307363263027,-0.0861289469044299
393,586,586,36,male,2,rent,little,little,2799,9,car,1,0,2,3,1,0,-0.14051976532720478,0.1741150002209599
394,587,587,21,male,1,own,little,little,1289,12,furniture/equipment,1,0,0,2,1,0,-0.1322368914937628,-0.07271031350695795
395,588,588,47,male,1,own,little,little,1217,18,domestic appliances,1,0,0,5,1,-1,-0.11340683283846174,0.48993104541851024
396,589,589,60,male,2,own,little,little,2246,12,furniture/equipment,1,0,0,2,1,-1,-0.25311788512114414,0.185268184545046
397,591,591,42,female,2,rent,None,moderate,1965,24,car,0,1,2,3,1,0,0.032599689632089125,0.17990859949952193
398,593,593,20,female,1,rent,little,moderate,2718,24,car,1,1,2,3,1,0,0.18559593321395776,0.04186480212920071
399,596,596,23,female,2,rent,little,little,1442,24,car,1,0,2,3,1,0,0.08776653291590614,0.05389820694803571
400,597,597,36,male,1,own,little,moderate,4241,24,business,1,1,0,4,1,0,0.22467314282223,0.28959489164887015
401,598,598,31,male,2,own,little,None,2775,18,car,1,2,0,3,1,0,0.03510118496741564,0.12468219895747967
402,599,599,32,male,2,free,little,None,3863,24,business,1,2,1,4,1,0,0.21871409586478094,0.2615159082603333
403,600,600,45,female,2,own,little,moderate,2329,7,radio/TV,1,1,0,0,1,1,-0.2914355717669173,-0.1726391636272152
404,601,601,30,female,2,own,little,moderate,918,9,furniture/equipment,1,1,0,2,1,0,-0.2501723855813084,-0.010958932550679753
405,603,603,28,female,3,own,little,None,3349,36,furniture/equipment,1,2,0,2,1,0,0.3796608784563069,-0.06062428649386974
406,604,604,23,female,2,own,little,rich,1275,10,furniture/equipment,1,3,0,2,1,0,-0.17671790421426767,-0.056083529146040735
407,605,605,22,male,2,own,quite rich,little,2828,24,furniture/equipment,2,0,0,2,1,0,0.16887383176249254,-0.07990342201709928
408,608,608,33,male,2,own,little,None,2051,18,radio/TV,1,2,0,0,1,1,-0.06536780944087626,-0.2726139050395343
409,609,609,45,male,2,free,None,None,1300,15,car,0,2,1,3,1,0,-0.1787993367273854,0.2124080864580997
410,613,613,22,female,2,rent,little,little,3632,24,car,1,0,2,3,1,0,0.23613335794257023,0.060100336608888465
411,614,614,22,female,2,own,little,None,1808,18,furniture/equipment,1,2,0,2,1,0,-0.0004681870609941477,-0.07452026620309407
412,617,617,37,male,2,rent,little,little,3676,6,car,1,0,2,3,1,0,-0.1389167545644408,0.19130685542358575
413,619,619,49,male,1,own,little,None,640,12,car,1,2,0,3,1,0,-0.29214657071263267,0.24012277107680957
414,620,620,27,male,2,own,little,moderate,3652,21,business,1,1,0,4,1,0,0.17720244439662436,0.2335739252198732
415,621,621,32,male,2,own,little,None,1530,18,car,1,2,0,3,1,0,-0.05127637567146343,0.12394939403072526
416,623,623,22,female,2,rent,little,little,1858,12,furniture/equipment,1,0,2,2,1,0,-0.09962130335016352,-0.06294433000233199
417,625,625,35,male,2,own,None,None,1979,15,radio/TV,0,2,0,0,1,1,-0.13072561618600262,-0.25444171177816755
418,626,626,41,male,2,own,little,rich,2116,6,furniture/equipment,1,3,0,2,1,0,-0.2746043510524115,0.07281889050521678
419,627,627,29,male,2,own,moderate,moderate,1437,9,car,4,1,0,3,1,0,-0.19689886967590828,0.1209225338135222
420,630,630,28,female,2,own,little,little,3660,24,radio/TV,1,0,0,0,1,1,0.16615672782615235,-0.30695220468683443
421,631,631,44,male,2,own,little,little,1553,18,furniture/equipment,1,0,0,2,1,0,-0.12079707226707762,0.06640577848741862
422,632,632,23,male,2,own,None,moderate,1444,15,radio/TV,0,1,0,0,1,1,-0.10931009106016637,-0.33521186245623835
423,633,633,19,female,2,rent,little,None,1980,9,furniture/equipment,1,2,2,2,1,0,-0.12870744819479024,-0.0760134004366611
424,634,634,25,female,1,own,little,moderate,1355,24,car,1,1,0,3,1,0,0.07264125536708704,0.06634030856123407
425,635,635,47,male,2,own,little,None,1393,12,education,1,2,0,1,1,-1,-0.2623725283622514,-0.03916574255520067
426,636,636,28,female,2,own,quite rich,None,1376,24,radio/TV,2,2,0,0,1,1,0.01633293961271212,-0.3201711863722107
427,638,638,34,female,2,own,little,None,1493,12,radio/TV,1,2,0,0,1,1,-0.20911313037419552,-0.25808404375957894
428,639,639,26,male,2,own,little,little,4370,42,radio/TV,1,0,0,0,1,2,0.5294479165406358,-0.3496482651462788
429,643,643,33,male,2,own,little,None,1851,24,radio/TV,1,2,0,0,1,1,0.023945741072454087,-0.28505798802348653
430,644,644,32,male,3,own,little,little,1880,18,radio/TV,1,0,0,0,1,1,-0.07187574972591636,-0.2800764057460955
431,646,646,32,male,2,own,little,little,4583,30,furniture/equipment,1,0,0,2,1,0,0.33933807589342757,-0.01630452485622876
432,647,647,26,female,2,own,quite rich,None,1386,12,car,2,2,0,3,1,0,-0.13490034216755364,0.09556564681621511
433,648,648,38,male,2,free,little,rich,947,24,car,1,3,1,3,1,0,-0.015341504635605898,0.14812552316937347
434,651,651,37,male,1,own,little,moderate,1922,12,furniture/equipment,1,1,0,2,1,0,-0.16606055911038256,0.034518279897694674
435,652,652,45,male,2,own,little,little,2303,24,car,1,0,0,3,1,0,0.040644017082064096,0.20128326370548358
436,654,654,35,male,2,own,little,None,2346,24,car,1,2,0,3,1,0,0.09055633959863363,0.13680399871275445
437,655,655,22,male,2,free,little,little,3973,14,car,1,0,1,3,1,0,0.08778035156000692,0.08088484686217201
438,656,656,41,male,1,own,little,moderate,888,12,car,1,1,0,3,1,0,-0.2382051710345824,0.1897756001018891
439,658,658,28,female,2,own,little,moderate,4221,30,business,1,1,0,4,1,-1,0.36346748986189714,0.2264100778149511
440,659,659,41,male,2,own,little,moderate,6361,18,furniture/equipment,1,1,0,2,1,-1,0.2087213034993939,0.07481433659010255
441,661,661,23,male,2,own,None,little,900,12,car,0,0,0,3,1,0,-0.15265304118302292,0.07333441111750572
442,662,662,50,male,2,own,little,None,2241,21,furniture/equipment,1,2,0,2,1,0,-0.05270476633116959,0.10358128167214799
443,663,663,35,male,3,own,little,moderate,1050,6,furniture/equipment,1,1,0,2,1,0,-0.3162758769695425,0.027812380456998798
444,668,668,43,male,2,rent,little,little,4843,12,car,1,0,2,3,1,0,0.01181305052287063,0.22561136369945317
445,669,669,47,male,2,own,little,rich,3017,30,radio/TV,1,3,0,0,1,-1,0.13693663145926332,-0.19897676040304546
446,673,673,24,male,2,own,quite rich,None,2080,6,car,2,2,0,3,1,0,-0.18239059332695554,0.09792319979202509
447,674,674,41,male,1,own,quite rich,None,2580,21,business,2,2,0,4,1,0,0.04095404186013495,0.3179889567748149
448,676,676,33,male,2,own,little,None,5150,24,furniture/equipment,1,2,0,2,1,0,0.2693894982789,0.004736437297653308
449,679,679,26,female,2,own,little,None,1453,18,radio/TV,1,2,0,0,1,1,-0.07163072543797362,-0.32138461049792316
450,680,680,56,female,2,own,little,None,1538,6,education,1,2,0,1,1,-1,-0.39767640195480225,0.03121534030510112
451,682,682,33,male,2,own,little,None,1478,15,radio/TV,1,2,0,0,1,1,-0.15417143647847203,-0.2702869487814715
452,683,683,47,male,2,free,little,None,5103,24,radio/TV,1,2,1,0,1,-1,0.17133922130081403,-0.17561717853178152
453,687,687,30,male,2,free,moderate,moderate,2862,36,car,4,1,1,3,1,0,0.35281621246016526,0.08485324889890963
454,688,688,35,male,2,own,moderate,None,2753,9,radio/TV,4,2,0,0,1,1,-0.18238642833045615,-0.23867552043720736
455,689,689,31,male,2,own,rich,little,3651,12,car,3,0,0,3,1,0,-0.00986872244946752,0.14103873011100918
456,690,690,25,male,2,own,little,little,975,15,furniture/equipment,1,0,0,2,1,0,-0.12045455554162604,-0.05427965758138798
457,692,692,29,male,2,own,moderate,moderate,2896,24,radio/TV,4,1,0,0,1,1,0.11133137477513001,-0.30490115226215886
458,693,693,44,male,1,own,None,little,4716,6,car,0,0,0,3,1,0,-0.10365991808120482,0.24263570006977514
459,694,694,28,male,2,own,little,None,2284,24,radio/TV,1,2,0,0,1,1,0.07589511110912356,-0.3149160045112993
460,696,696,29,male,2,own,little,moderate,1103,12,radio/TV,1,1,0,0,1,1,-0.21115017789429547,-0.2927052922644953
461,697,697,38,female,0,own,little,None,926,12,car,1,2,0,3,1,0,-0.22158498693978787,0.17057709049912417
462,698,698,24,male,2,own,little,None,1800,18,radio/TV,1,2,0,0,1,1,-0.03945020054436714,-0.3323219243535919
463,703,703,41,male,2,own,moderate,moderate,2503,30,business,4,1,0,4,1,0,0.18955252208354445,0.3006134771832293
464,704,704,32,female,2,own,little,moderate,2528,27,business,1,1,0,4,1,0,0.18235844623370595,0.248146124920091
465,705,705,35,female,2,free,quite rich,None,5324,15,car,2,2,1,3,1,0,0.13225506147994848,0.17096943709123885
466,707,707,25,female,2,rent,little,moderate,2969,12,furniture/equipment,1,1,2,2,1,0,-0.040870413602032155,-0.03709581604033003
467,708,708,25,female,2,own,little,moderate,1206,9,radio/TV,1,1,0,0,1,1,-0.23677350303777883,-0.3123571413317528
468,709,709,37,male,1,own,little,moderate,2118,9,radio/TV,1,1,0,0,1,1,-0.23345891951367334,-0.22940504840526385
469,710,710,32,male,3,own,quite rich,None,629,18,radio/TV,2,2,0,0,1,1,-0.15393772829641275,-0.28731674991790196
470,711,711,35,female,2,free,little,little,1198,6,education,1,0,1,1,1,-1,-0.32108695902562934,-0.10668153991834171
471,712,712,46,male,3,own,None,None,2476,21,car,0,2,0,3,1,0,-0.0039333341964424475,0.2144006166723367
472,713,713,25,male,1,own,little,little,1138,9,radio/TV,1,0,0,0,1,1,-0.24123410618949256,-0.312750701206799
473,716,716,40,male,2,own,None,None,3077,30,radio/TV,0,2,0,0,1,-1,0.17383661066551262,-0.24393919530584
474,717,717,32,male,3,free,little,None,1505,18,radio/TV,1,2,1,0,1,1,-0.09647466416551359,-0.28224677270407095
475,718,718,31,male,2,own,None,rich,3148,24,radio/TV,0,3,0,0,1,1,0.11844351587970689,-0.2904970389189505
476,719,719,31,male,2,own,moderate,moderate,6148,20,car,4,1,0,3,1,0,0.2905045445627071,0.14044174164225076
477,722,722,24,female,1,own,little,little,1228,12,car,1,0,0,3,1,0,-0.1358463553859381,0.08170557212380603
478,724,724,21,female,2,rent,little,None,2570,27,car,1,2,2,3,1,0,0.22239488272293834,0.04183776704032802
479,726,726,47,male,1,own,quite rich,None,1316,15,radio/TV,2,2,0,0,1,1,-0.23072647330820542,-0.1806051600751759
480,727,727,25,female,2,rent,little,little,1882,18,radio/TV,1,0,2,0,1,1,-0.03878040261965813,-0.32537452407172357
481,729,729,36,male,2,own,rich,rich,1275,24,business,3,3,0,4,1,0,0.03011212888130887,0.27242873592258887
482,730,730,33,male,2,own,little,moderate,6403,24,radio/TV,1,1,0,0,1,-1,0.3225437638165785,-0.2587126269762742
483,732,732,44,female,1,own,little,moderate,760,8,radio/TV,1,1,0,0,1,1,-0.37257610315814554,-0.19007388467639222
484,733,733,28,female,2,rent,rich,None,2603,24,car,3,2,2,3,1,0,0.14037894852381796,0.09298172991854978
485,734,734,37,female,2,own,little,None,3380,4,car,1,2,0,3,1,0,-0.19247782154469026,0.19335589708465664
486,740,740,32,male,2,own,moderate,little,2325,24,car,4,0,0,3,1,0,0.10330629448826491,0.11726401804193474
487,741,741,23,male,1,own,little,moderate,1048,10,radio/TV,1,1,0,0,1,1,-0.22064735433153296,-0.32809830834744497
488,742,742,41,male,2,own,None,None,3160,21,radio/TV,0,2,0,0,1,1,0.02092254837372046,-0.22005617646920236
489,743,743,22,male,2,own,quite rich,little,2483,24,furniture/equipment,2,0,0,2,1,0,0.14624283047806308,-0.08190015961843676
490,745,745,28,male,1,own,little,little,1797,13,business,1,0,0,4,1,3,-0.0857666457943759,0.24435939529441014
491,746,746,23,female,2,rent,little,little,2511,15,car,1,0,2,3,1,0,0.004240381023377984,0.07701503059911928
492,747,747,37,female,1,own,little,little,1274,12,car,1,0,0,3,1,0,-0.19404802964042536,0.16611837766240112
493,748,748,26,male,2,own,None,None,5248,21,car,0,2,0,3,1,0,0.2720851353293852,0.10098770175120453
494,749,749,33,male,2,own,little,None,3029,15,car,1,2,0,3,1,0,-0.008871965491554171,0.14474116456097985
495,750,750,49,female,2,own,little,little,428,6,furniture/equipment,1,0,0,2,1,-1,-0.42300558217851525,0.11483185236151121
496,751,751,23,female,1,own,little,little,976,18,car,1,0,0,3,1,0,-0.04523468964214889,0.06248771821462343
497,753,753,25,female,2,own,little,None,5771,30,radio/TV,1,2,0,0,1,2,0.421192682490823,-0.3254394796856092
498,755,755,32,female,2,rent,None,little,1285,24,car,0,0,2,3,1,0,0.035085305109115235,0.1112448670118159
499,758,758,31,male,2,own,little,None,1393,24,car,1,2,0,3,1,0,0.04687895716713548,0.1053971193219885
500,759,759,35,male,2,own,little,little,691,12,car,1,0,0,3,1,0,-0.22287281255702007,0.14979855375095305
501,760,760,59,female,2,own,None,None,5045,15,car,0,2,0,3,1,-1,0.000933516350898278,0.32470220504388986
502,761,761,24,female,2,rent,little,little,2124,18,furniture/equipment,1,0,2,2,1,0,0.010842168774607324,-0.05974574356572464
503,762,762,24,male,1,own,little,little,2214,12,radio/TV,1,0,0,0,1,1,-0.11472597055083411,-0.31863928529228824
504,764,764,27,male,2,own,moderate,None,2463,24,car,4,2,0,3,1,0,0.13590451849911792,0.08569864621384791
505,765,765,40,male,1,own,little,moderate,1155,12,radio/TV,1,1,0,0,1,1,-0.2595399401189166,-0.22120338760202127
506,766,766,31,male,1,own,little,little,3108,30,furniture/equipment,1,0,0,2,1,0,0.24729151046376135,-0.03131411493132359
507,767,767,31,female,2,rent,None,None,2901,10,car,0,2,2,3,1,0,-0.09321087517792276,0.14046018084162434
508,768,768,28,male,2,rent,little,moderate,3617,12,furniture/equipment,1,1,2,2,1,0,-0.012490983548656857,-0.013926981815775213
509,769,769,63,male,1,own,little,None,1655,12,radio/TV,1,2,0,0,1,-1,-0.3350521756193606,-0.0694348573957267
510,770,770,26,female,2,rent,None,little,2812,24,car,0,0,2,3,1,0,0.16350707290365263,0.08124572102234608
511,772,772,36,male,3,own,little,None,3275,21,car,1,2,0,3,1,0,0.09557039983035516,0.15429681146688623
512,773,773,52,male,2,own,moderate,None,2223,24,radio/TV,4,2,0,0,1,-1,-0.0411262650923741,-0.15992152990041184
513,775,775,25,female,2,rent,None,little,1371,24,car,0,0,2,3,1,0,0.07369080904984324,0.06643291088477439
514,776,776,37,male,2,own,little,None,3535,36,car,1,2,0,3,1,0,0.36399891134518203,0.13405802774889364
515,777,777,25,female,2,own,little,little,3509,18,radio/TV,1,0,0,0,1,1,0.06794608749560777,-0.3159580252967203
516,780,780,25,male,2,own,little,moderate,4933,39,radio/TV,1,1,0,0,1,2,0.5198717656781429,-0.34721935729057984
517,781,781,60,male,2,own,rich,None,1940,24,car,3,2,0,3,1,-1,-0.053805202586709774,0.2962745490960288
518,782,782,31,male,1,own,little,moderate,1410,12,education,1,1,0,1,1,-1,-0.18591074238366312,-0.14263236656602898
519,786,786,40,male,2,own,quite rich,None,2675,22,radio/TV,2,2,0,0,1,1,0.010889278989221285,-0.2312170900985249
520,789,789,27,male,2,own,little,little,5998,40,education,1,0,0,1,1,-1,0.6119059688339784,-0.1946404888376756
521,790,790,39,female,2,own,little,moderate,1188,21,business,1,1,0,4,1,0,-0.040938799140817515,0.29698692787936093
522,792,792,27,male,2,own,None,None,1221,6,furniture/equipment,0,2,0,2,1,0,-0.26738545438975625,-0.022980439199959297
523,794,794,32,male,2,rent,quite rich,None,3062,24,furniture/equipment,2,2,2,2,1,0,0.13713190737863878,-0.013820979298078871
524,797,797,22,female,1,rent,little,None,1258,12,furniture/equipment,1,2,2,2,1,0,-0.13897956645351905,-0.06641691713509289
525,798,798,54,male,2,own,None,None,717,24,car,0,2,0,3,1,-1,-0.10577547401588533,0.2503593787480716
526,799,799,35,male,0,own,None,moderate,1549,9,car,0,1,0,3,1,0,-0.21780698209311272,0.16040763032065045
527,800,800,54,male,2,free,little,None,1597,24,education,1,2,1,1,1,-1,-0.07708892870745962,-0.01524847719338883
528,801,801,48,female,1,rent,little,moderate,1795,18,radio/TV,1,1,2,0,1,1,-0.15279813885621826,-0.17700334161031342
529,802,802,24,female,2,own,little,little,4272,20,furniture/equipment,1,0,0,2,1,0,0.18588907453388104,-0.05107606627700698
530,803,803,35,male,2,own,None,None,976,12,radio/TV,0,2,0,0,1,1,-0.24773599844766986,-0.25460344296525006
531,805,805,24,male,2,own,little,little,9271,36,car,1,0,0,3,1,-1,0.8014830477056728,0.0831093868796707
532,806,806,26,male,1,own,little,moderate,590,6,radio/TV,1,1,0,0,1,1,-0.33310697029719805,-0.3038062404444802
533,809,809,26,female,0,rent,little,moderate,1778,15,car,1,1,2,3,1,0,-0.057969791166136854,0.0921911267731029
534,810,810,26,male,2,own,little,moderate,907,8,business,1,1,0,4,1,-1,-0.22009054962200617,0.2356682259164483
535,811,811,28,male,1,own,little,moderate,484,6,radio/TV,1,1,0,0,1,1,-0.34947859284429,-0.2914741040904859
536,812,812,24,male,2,own,little,little,9629,36,car,1,0,0,3,1,-1,0.8249668113573415,0.08518136386888468
537,817,817,24,female,2,rent,little,None,1554,6,radio/TV,1,2,2,0,1,1,-0.26045303151230753,-0.3111725771986265
538,819,819,26,male,2,own,little,little,1345,18,radio/TV,1,0,0,0,1,1,-0.07871521279657763,-0.3220096761818201
539,820,820,27,male,2,own,little,None,1101,12,car,1,2,0,3,1,0,-0.15830468184106383,0.10038898130187804
540,821,821,24,male,2,own,little,rich,3016,12,radio/TV,1,3,0,0,1,1,-0.062117092202682175,-0.3139975938248312
541,822,822,41,male,2,own,little,little,2712,36,furniture/equipment,1,0,0,2,1,-1,0.2766563813691665,0.01983555735859926
542,823,823,47,male,1,own,little,little,731,8,car,1,0,0,3,1,0,-0.3450475524416461,0.23522818933762865
543,824,824,35,male,3,own,little,None,3780,18,furniture/equipment,1,2,0,2,1,0,0.06767016324629004,0.02103954403166338
544,825,825,30,male,2,own,little,little,1602,21,car,1,0,0,3,1,0,0.014081431073662807,0.1057772007693585
545,826,826,33,female,2,rent,little,little,3966,18,car,1,0,2,3,1,0,0.10380900782874394,0.14452091116345872
546,827,827,36,male,2,own,little,None,4165,18,business,1,2,0,4,1,0,0.1172547912813561,0.30044158455175235
547,830,830,44,male,2,own,quite rich,None,2375,24,business,2,2,0,4,1,0,0.06459562697546417,0.3305776526557787
548,831,831,23,female,2,rent,little,little,1216,18,car,1,0,2,3,1,0,-0.02949138440080666,0.06387675306772775
549,833,833,42,female,2,own,None,moderate,5084,24,radio/TV,0,1,0,0,1,-1,0.19363869979962225,-0.2080912106596075
550,835,835,48,male,2,own,little,little,1082,12,car,1,0,0,3,1,0,-0.2584434855270778,0.23620809689088565
551,836,836,21,female,2,own,None,None,886,12,radio/TV,0,2,0,0,1,1,-0.18771143212134572,-0.3457437182673053
552,838,838,63,male,2,own,little,little,2957,24,car,1,0,0,3,1,-1,-0.001220440724770774,0.3215790244072316
553,839,839,46,male,2,own,little,None,2611,24,radio/TV,1,2,0,0,1,-1,0.012580399910959982,-0.19651280379690603
554,840,840,29,male,2,own,little,little,5179,36,furniture/equipment,1,0,0,2,1,-1,0.4949944162221252,-0.04356008236522473
555,841,841,28,male,1,own,little,None,2993,21,car,1,2,0,3,1,0,0.11474533376710798,0.10088218852469368
556,842,842,23,female,2,own,little,None,1943,18,repairs,1,2,0,6,1,-1,0.06175607192416953,0.47413584674785414
557,843,843,50,male,2,own,little,None,1559,24,business,1,2,0,4,1,-1,-0.017186599041596865,0.3646918143975702
558,844,844,47,male,2,own,little,None,3422,18,furniture/equipment,1,2,0,2,1,0,-0.012323576798373693,0.09664132752714179
559,845,845,35,male,2,own,None,moderate,3976,21,furniture/equipment,0,1,0,2,1,0,0.13174368163394395,0.016530645525182595
560,847,847,28,male,2,own,little,None,1249,24,car,1,2,0,3,1,0,0.05156046812057885,0.08514525828895281
561,848,848,59,male,2,own,little,little,1364,9,radio/TV,1,0,0,0,1,-1,-0.38652076020071424,-0.0913670386801639
562,850,850,33,male,2,rent,little,little,2235,20,car,1,0,2,3,1,0,0.02440474262482386,0.13074031263887745
563,851,851,43,male,2,own,None,None,4042,24,car,0,2,0,3,1,0,0.16413571237545546,0.1984023519978201
564,852,852,35,male,2,free,little,None,1471,15,radio/TV,1,2,1,0,1,1,-0.1640489456135103,-0.2573818355505718
565,853,853,32,male,1,free,little,little,1442,18,car,1,0,1,3,1,0,-0.05704892092662225,0.12344008125125368
566,855,855,33,male,2,own,moderate,None,1474,24,car,4,2,0,3,1,0,0.04277399328725597,0.11881154533235998
567,856,856,40,female,2,own,None,None,894,10,education,0,2,0,1,1,-1,-0.29628565479655583,-0.08360128649011782
568,857,857,28,male,2,free,little,None,3343,15,furniture/equipment,1,2,1,2,1,0,0.02075189540803527,-0.02115607357625202
569,858,858,29,female,2,own,little,little,3959,15,car,1,0,0,3,1,0,0.07097000111631195,0.12423242112186172
570,860,860,27,male,2,own,rich,None,5804,24,car,3,2,0,3,1,0,0.35506444687963623,0.10503516889810459
571,861,861,28,male,2,own,little,None,2169,18,business,1,2,0,4,1,0,0.023996286952856476,0.2371069377003063
572,862,862,35,female,2,own,little,little,2439,24,radio/TV,1,0,0,0,1,1,0.05309850951491007,-0.26870922588593227
573,864,864,25,male,1,rent,little,None,2210,10,furniture/equipment,1,2,2,2,1,0,-0.12480294027703771,-0.03772645411670631
574,866,866,27,female,2,own,little,little,2389,18,radio/TV,1,0,0,0,1,1,-0.01494099969615515,-0.3094945611970919
575,867,867,42,male,2,own,little,None,3331,12,furniture/equipment,1,2,0,2,1,0,-0.0971800614197504,0.07503713888308323
576,868,868,37,male,2,own,None,None,7409,36,business,0,2,0,4,1,-1,0.632641550404096,0.2918298572041745
577,869,869,24,female,2,rent,little,little,652,12,furniture/equipment,1,0,2,2,1,0,-0.18814974158674067,-0.0569786033917326
578,870,870,40,female,2,own,quite rich,None,7678,36,furniture/equipment,2,2,0,2,1,-1,0.6071207703540225,0.04210419015369231
579,871,871,46,male,2,own,little,rich,1343,6,car,1,3,0,3,1,0,-0.334337283226068,0.2360595994858866
580,872,872,26,male,2,own,moderate,little,1382,24,business,4,0,0,4,1,0,0.08422266612890308,0.20831988022402095
581,873,873,24,female,2,own,None,None,874,15,domestic appliances,0,2,0,5,1,-1,-0.07881233759986431,0.3447144524818041
582,874,874,29,male,1,own,little,little,3590,12,furniture/equipment,1,0,0,2,1,0,-0.018971270087724132,-0.007610434863025092
583,875,875,40,female,2,own,rich,moderate,1322,11,car,3,1,0,3,1,0,-0.22209902461503603,0.1876957170774782
584,876,876,36,male,3,free,little,little,1940,18,radio/TV,1,0,1,0,1,1,-0.08677658221324579,-0.2538378935379219
585,877,877,28,male,2,own,little,None,3595,36,radio/TV,1,2,0,0,1,2,0.36675885908552014,-0.3299015095056142
586,878,878,27,male,3,free,little,little,1422,9,car,1,0,1,3,1,0,-0.18846449685465966,0.10789009238775446
587,879,879,36,male,2,own,None,None,6742,30,radio/TV,0,2,0,0,1,-1,0.433086659919508,-0.24861872906478985
588,880,880,38,male,3,own,little,None,7814,24,car,1,2,0,3,1,-1,0.43511381658229875,0.18786928290382154
589,882,882,36,male,2,own,None,moderate,2181,30,car,0,1,0,3,1,0,0.17745662409357701,0.13103529668527092
590,884,884,43,male,2,own,little,moderate,4057,24,furniture/equipment,1,1,0,2,1,0,0.1506002153314581,0.06313867480805094
591,885,885,53,female,2,own,little,little,795,12,education,1,0,0,1,1,-1,-0.3298545854517599,-0.003789874155172862
592,886,886,34,male,2,own,None,moderate,2825,24,business,0,1,0,4,1,0,0.14120597129714327,0.2684539592681057
593,888,888,34,male,3,own,little,None,6614,36,car,1,2,0,3,1,-1,0.5800998922688175,0.13245974726400506
594,891,891,46,male,2,own,little,None,1829,15,radio/TV,1,2,0,0,1,1,-0.1923659936554202,-0.1841089114503896
595,892,892,38,male,1,own,little,little,2171,12,car,1,0,0,3,1,0,-0.13991659100032502,0.17778270879960292
596,893,893,34,male,2,own,little,moderate,5800,36,car,1,1,0,3,1,-1,0.5267038486585981,0.12774860405389282
597,894,894,29,male,2,own,None,None,1169,18,radio/TV,0,2,0,0,1,1,-0.10438779740514396,-0.30360986161959025
598,897,897,35,female,2,own,rich,None,1592,12,furniture/equipment,3,2,0,2,1,0,-0.17828927441839565,0.019662730227227445
599,899,899,42,male,2,own,little,little,4153,18,furniture/equipment,1,0,0,2,1,0,0.05917373057962903,0.06850802931526695
600,900,900,43,male,2,rent,little,little,2625,16,car,1,0,2,3,1,0,-0.065392681050679,0.2052499973055481
601,901,901,44,male,2,own,None,None,3485,20,car,0,2,0,3,1,0,0.054600312396569345,0.20917581627643056
602,904,904,36,male,3,own,little,None,1278,24,radio/TV,1,2,0,0,1,1,-0.027768894289499222,-0.2689558686141
603,906,906,24,male,1,own,None,little,3763,21,car,0,0,0,3,1,0,0.18409176354741266,0.07944742185017263
604,907,907,27,male,2,own,None,moderate,3711,36,education,0,1,0,1,1,-1,0.39359674160649977,-0.20035246416558328
605,908,908,46,female,1,own,little,None,3594,15,car,1,2,0,3,1,0,-0.033028742161638855,0.23215775796941313
606,909,909,33,female,1,own,None,moderate,3195,9,car,0,1,0,3,1,0,-0.10041581758074139,0.15698846760740903
607,910,910,34,female,2,own,little,None,4454,36,radio/TV,1,2,0,0,1,2,0.39485178423199346,-0.2860930420181987
608,911,911,25,female,1,own,little,moderate,4736,24,furniture/equipment,1,1,0,2,1,0,0.2799056143329146,-0.04944215481374663
609,912,912,25,female,2,own,None,moderate,2991,30,radio/TV,0,1,0,0,1,1,0.23883273011194203,-0.3415291334007345
610,913,913,28,male,2,own,rich,None,2142,11,business,3,2,0,4,1,3,-0.09727996835920721,0.25011831754231384
611,914,914,31,male,2,rent,little,little,3161,24,business,1,0,2,4,1,0,0.17737409273327118,0.2509801679412787
612,916,916,32,male,2,own,moderate,None,2848,10,car,4,2,0,3,1,0,-0.10139668645146874,0.1466262490186215
613,918,918,33,male,2,own,moderate,little,2359,24,furniture/equipment,4,0,0,2,1,0,0.08630797774312426,-0.011416880514905968
614,919,919,39,male,3,rent,little,little,3345,24,furniture/equipment,1,0,2,2,1,0,0.12273173524647443,0.03312661791561057
615,920,920,28,female,2,own,little,None,1817,18,furniture/equipment,1,2,0,2,1,0,-0.02813280131094125,-0.035631297153756486
616,923,923,30,male,2,rent,little,moderate,2002,12,car,1,1,2,3,1,0,-0.1133291841791069,0.12502208976741375
617,924,924,55,male,2,own,little,little,6872,24,furniture/equipment,1,0,0,2,1,-1,0.27874608999837325,0.15710465659061304
618,925,925,46,male,2,own,little,little,697,12,car,1,0,0,3,1,0,-0.2742800416195652,0.22103422673324877
619,926,926,21,female,2,rent,little,little,1049,18,furniture/equipment,1,0,2,2,1,0,-0.045547225187322724,-0.08538590229976094
620,929,929,43,male,1,own,little,little,1344,12,car,1,0,0,3,1,0,-0.2177112204748647,0.20536039307023612
621,930,930,24,male,1,own,little,little,1747,24,furniture/equipment,1,0,0,2,1,0,0.08854503167244779,-0.07321423975384138
622,931,931,22,female,2,own,little,moderate,1670,9,radio/TV,1,1,0,0,1,1,-0.19220895213960182,-0.3290901140702574
623,932,932,30,male,2,own,little,None,1224,9,car,1,2,0,3,1,0,-0.21558021777701575,0.1261625787551165
624,933,933,42,male,2,own,quite rich,None,522,12,radio/TV,2,2,0,0,1,1,-0.31048123709178926,-0.21192134027963525
625,934,934,23,female,2,own,little,little,1498,12,radio/TV,1,0,0,0,1,1,-0.15698433315475555,-0.3292560526444405
626,940,940,45,male,3,own,None,None,3527,12,car,0,2,0,3,1,0,-0.08393106928265506,0.23094044933571303
627,941,941,31,male,1,own,little,None,1546,10,car,1,2,0,3,1,0,-0.1820949526863341,0.13261792156680605
628,942,942,31,male,2,own,None,None,929,24,furniture/equipment,0,2,0,2,1,0,0.0019224467456259305,-0.032638839928768114
629,943,943,42,male,1,own,little,None,1455,4,car,1,2,0,3,1,0,-0.3422980724983707,0.21457874690233736
630,944,944,46,female,2,rent,little,little,1845,15,furniture/equipment,1,0,2,2,1,0,-0.1622775327295016,0.08668467460932701
631,946,946,30,male,2,free,quite rich,little,3349,24,furniture/equipment,2,0,1,2,1,0,0.16537660596190967,-0.02510555186702365
632,947,947,38,male,3,own,None,None,2859,12,car,0,2,0,3,1,0,-0.09478578264181065,0.18176460871183542
633,948,948,43,male,1,own,little,None,1533,18,furniture/equipment,1,2,0,2,1,0,-0.11739984967110657,0.05981721220926892
634,949,949,31,male,2,own,moderate,None,3621,24,radio/TV,4,2,0,0,1,1,0.14947094662618554,-0.2877594827292907
635,950,950,40,male,0,own,little,moderate,3590,18,business,1,1,0,4,1,0,0.06069979700964196,0.3230049420444207
636,951,951,24,male,2,own,little,little,2145,36,business,1,0,0,4,1,-1,0.3485575298697341,0.17721711890100242
637,952,952,28,female,2,rent,quite rich,moderate,4113,24,car,2,1,2,3,1,0,0.2394305773339295,0.10172107420266462
638,954,954,29,female,2,own,little,little,1893,12,car,1,0,0,3,1,0,-0.11577010394346691,0.11791842306457115
639,957,957,37,male,1,own,little,moderate,1154,9,radio/TV,1,1,0,0,1,1,-0.29669452889973136,-0.2349843383985663
640,958,958,45,male,1,own,little,little,4006,28,car,1,0,0,3,1,0,0.2206445348889432,0.2036152542241707
641,959,959,30,male,2,free,moderate,moderate,3069,24,furniture/equipment,4,1,1,2,1,0,0.14700941651367708,-0.026726092528978715
642,960,960,30,male,2,rent,little,None,1740,6,radio/TV,1,2,2,0,1,1,-0.2765069581467648,-0.2712591949451244
643,961,961,47,male,2,own,little,moderate,2353,21,car,1,1,0,3,1,0,-0.016710942832046563,0.22016154968384508
644,962,962,29,male,2,own,None,None,3556,15,car,0,2,0,3,1,0,0.04453436773189148,0.12190000009769067
645,963,963,35,male,2,own,quite rich,None,2397,24,radio/TV,2,2,0,0,1,1,0.05034343109767517,-0.2689523069852254
646,965,965,26,female,2,own,None,moderate,1715,30,radio/TV,0,1,0,0,1,1,0.15042165921272282,-0.3424413553293483
647,966,966,23,male,1,own,quite rich,moderate,2520,27,radio/TV,2,1,0,0,1,1,0.16613833720074916,-0.3515574640775512
648,969,969,40,male,1,own,little,little,3939,11,car,1,0,0,3,1,0,-0.05043140037923343,0.2028419846215368
649,971,971,43,male,1,own,little,None,7393,24,car,1,2,0,3,1,-1,0.3839516118076965,0.21779675113428953
650,974,974,33,female,2,own,little,None,2831,30,radio/TV,1,2,0,0,1,1,0.19066387568905052,-0.2906726496463425
651,976,976,64,female,2,own,little,moderate,753,6,radio/TV,1,1,0,0,1,-1,-0.5013629007319371,-0.05689594607188765
652,977,977,42,male,2,own,None,moderate,2427,18,business,0,1,0,4,1,0,-0.025007965704528044,0.32921953739953463
653,978,978,47,male,1,own,little,None,2538,24,car,1,2,0,3,1,0,0.046641007398712526,0.21558898707993035
654,979,979,25,male,2,rent,moderate,moderate,1264,15,car,4,1,2,3,1,0,-0.0869775385252619,0.08274346375564672
655,980,980,49,male,2,own,little,moderate,8386,30,furniture/equipment,1,1,0,2,1,-1,0.5087480669734535,0.1157437172735681
656,983,983,26,male,2,own,little,little,8229,36,car,1,0,0,3,1,-1,0.7237125347173459,0.09002428730655809
657,984,984,30,male,1,own,little,None,2028,24,furniture/equipment,1,2,0,2,1,0,0.07872283002935516,-0.03275103120431881
658,985,985,25,female,2,rent,little,little,1433,15,furniture/equipment,1,0,2,2,1,0,-0.09041108137273128,-0.05162891607004719
659,987,987,64,female,2,own,moderate,None,1409,13,radio/TV,4,2,0,0,1,-1,-0.33882606626652223,-0.06626689706971751
660,989,989,48,male,1,own,little,moderate,1743,24,radio/TV,1,1,0,0,1,1,-0.05377621677739355,-0.18859085310151802
661,993,993,30,male,3,own,little,little,3959,36,furniture/equipment,1,0,0,2,1,-1,0.41025678321255254,-0.044148196161447446
662,994,994,50,male,2,own,None,None,2390,12,car,0,2,0,3,1,0,-0.18206080136059513,0.25672396358775307
663,995,995,31,female,1,own,little,None,1736,12,furniture/equipment,1,2,0,2,1,0,-0.1500066324759253,-0.005395102355807423
664,996,996,40,male,3,own,little,little,3857,30,car,1,0,0,3,1,0,0.2685607135646185,0.16662664357101373
665,997,997,38,male,2,own,little,None,804,12,radio/TV,1,2,0,0,1,1,-0.2731461946355472,-0.23618047782213508
